-- MariaDB dump 10.19  Distrib 10.6.5-MariaDB, for debian-linux-gnu (x86_64)
--
-- Host: localhost    Database: dev_myblog
-- ------------------------------------------------------
-- Server version	10.6.5-MariaDB-1:10.6.5+maria~focal

/*!40101 SET @OLD_CHARACTER_SET_CLIENT=@@CHARACTER_SET_CLIENT */;
/*!40101 SET @OLD_CHARACTER_SET_RESULTS=@@CHARACTER_SET_RESULTS */;
/*!40101 SET @OLD_COLLATION_CONNECTION=@@COLLATION_CONNECTION */;
/*!40101 SET NAMES utf8mb4 */;
/*!40103 SET @OLD_TIME_ZONE=@@TIME_ZONE */;
/*!40103 SET TIME_ZONE='+00:00' */;
/*!40014 SET @OLD_UNIQUE_CHECKS=@@UNIQUE_CHECKS, UNIQUE_CHECKS=0 */;
/*!40014 SET @OLD_FOREIGN_KEY_CHECKS=@@FOREIGN_KEY_CHECKS, FOREIGN_KEY_CHECKS=0 */;
/*!40101 SET @OLD_SQL_MODE=@@SQL_MODE, SQL_MODE='NO_AUTO_VALUE_ON_ZERO' */;
/*!40111 SET @OLD_SQL_NOTES=@@SQL_NOTES, SQL_NOTES=0 */;

--
-- Table structure for table `categories`
--

DROP TABLE IF EXISTS `categories`;
/*!40101 SET @saved_cs_client     = @@character_set_client */;
/*!40101 SET character_set_client = utf8 */;
CREATE TABLE `categories` (
  `id` bigint(20) unsigned NOT NULL AUTO_INCREMENT,
  `name` varchar(255) COLLATE utf8mb4_unicode_ci NOT NULL,
  `slug` varchar(255) COLLATE utf8mb4_unicode_ci NOT NULL,
  `created_at` timestamp NULL DEFAULT NULL,
  `updated_at` timestamp NULL DEFAULT NULL,
  `image` varchar(255) COLLATE utf8mb4_unicode_ci DEFAULT NULL,
  PRIMARY KEY (`id`)
) ENGINE=InnoDB AUTO_INCREMENT=10 DEFAULT CHARSET=utf8mb4 COLLATE=utf8mb4_unicode_ci;
/*!40101 SET character_set_client = @saved_cs_client */;

--
-- Dumping data for table `categories`
--

LOCK TABLES `categories` WRITE;
/*!40000 ALTER TABLE `categories` DISABLE KEYS */;
INSERT INTO `categories` VALUES (1,'Web Programming','web-programming','2021-12-23 10:21:14','2021-12-23 10:21:14',NULL),(2,'Personal','personal','2021-12-23 10:21:14','2021-12-23 10:21:14',NULL),(3,'Internet','internet','2021-12-23 10:21:14','2021-12-23 10:21:14',NULL),(9,'UI UX','ui-ux','2021-12-27 12:10:26','2021-12-27 12:24:54','lokasi-image-category/3Civ7FjaOoTdWIb22GMrYPRhOK8ynjtjTymAw4tg.jpg');
/*!40000 ALTER TABLE `categories` ENABLE KEYS */;
UNLOCK TABLES;

--
-- Table structure for table `failed_jobs`
--

DROP TABLE IF EXISTS `failed_jobs`;
/*!40101 SET @saved_cs_client     = @@character_set_client */;
/*!40101 SET character_set_client = utf8 */;
CREATE TABLE `failed_jobs` (
  `id` bigint(20) unsigned NOT NULL AUTO_INCREMENT,
  `uuid` varchar(255) COLLATE utf8mb4_unicode_ci NOT NULL,
  `connection` text COLLATE utf8mb4_unicode_ci NOT NULL,
  `queue` text COLLATE utf8mb4_unicode_ci NOT NULL,
  `payload` longtext COLLATE utf8mb4_unicode_ci NOT NULL,
  `exception` longtext COLLATE utf8mb4_unicode_ci NOT NULL,
  `failed_at` timestamp NOT NULL DEFAULT current_timestamp(),
  PRIMARY KEY (`id`),
  UNIQUE KEY `failed_jobs_uuid_unique` (`uuid`)
) ENGINE=InnoDB DEFAULT CHARSET=utf8mb4 COLLATE=utf8mb4_unicode_ci;
/*!40101 SET character_set_client = @saved_cs_client */;

--
-- Dumping data for table `failed_jobs`
--

LOCK TABLES `failed_jobs` WRITE;
/*!40000 ALTER TABLE `failed_jobs` DISABLE KEYS */;
/*!40000 ALTER TABLE `failed_jobs` ENABLE KEYS */;
UNLOCK TABLES;

--
-- Table structure for table `migrations`
--

DROP TABLE IF EXISTS `migrations`;
/*!40101 SET @saved_cs_client     = @@character_set_client */;
/*!40101 SET character_set_client = utf8 */;
CREATE TABLE `migrations` (
  `id` int(10) unsigned NOT NULL AUTO_INCREMENT,
  `migration` varchar(255) COLLATE utf8mb4_unicode_ci NOT NULL,
  `batch` int(11) NOT NULL,
  PRIMARY KEY (`id`)
) ENGINE=InnoDB AUTO_INCREMENT=9 DEFAULT CHARSET=utf8mb4 COLLATE=utf8mb4_unicode_ci;
/*!40101 SET character_set_client = @saved_cs_client */;

--
-- Dumping data for table `migrations`
--

LOCK TABLES `migrations` WRITE;
/*!40000 ALTER TABLE `migrations` DISABLE KEYS */;
INSERT INTO `migrations` VALUES (1,'2014_10_12_000000_create_users_table',1),(2,'2014_10_12_100000_create_password_resets_table',1),(3,'2019_08_19_000000_create_failed_jobs_table',1),(4,'2019_12_14_000001_create_personal_access_tokens_table',1),(5,'2021_12_10_093016_create_posts_table',1),(6,'2021_12_13_100103_create_categories_table',1),(7,'2021_12_27_061058_add-is_admin-to-users',2),(8,'2021_12_27_090556_add-image-to-categories',3);
/*!40000 ALTER TABLE `migrations` ENABLE KEYS */;
UNLOCK TABLES;

--
-- Table structure for table `password_resets`
--

DROP TABLE IF EXISTS `password_resets`;
/*!40101 SET @saved_cs_client     = @@character_set_client */;
/*!40101 SET character_set_client = utf8 */;
CREATE TABLE `password_resets` (
  `email` varchar(255) COLLATE utf8mb4_unicode_ci NOT NULL,
  `token` varchar(255) COLLATE utf8mb4_unicode_ci NOT NULL,
  `created_at` timestamp NULL DEFAULT NULL,
  KEY `password_resets_email_index` (`email`)
) ENGINE=InnoDB DEFAULT CHARSET=utf8mb4 COLLATE=utf8mb4_unicode_ci;
/*!40101 SET character_set_client = @saved_cs_client */;

--
-- Dumping data for table `password_resets`
--

LOCK TABLES `password_resets` WRITE;
/*!40000 ALTER TABLE `password_resets` DISABLE KEYS */;
/*!40000 ALTER TABLE `password_resets` ENABLE KEYS */;
UNLOCK TABLES;

--
-- Table structure for table `personal_access_tokens`
--

DROP TABLE IF EXISTS `personal_access_tokens`;
/*!40101 SET @saved_cs_client     = @@character_set_client */;
/*!40101 SET character_set_client = utf8 */;
CREATE TABLE `personal_access_tokens` (
  `id` bigint(20) unsigned NOT NULL AUTO_INCREMENT,
  `tokenable_type` varchar(255) COLLATE utf8mb4_unicode_ci NOT NULL,
  `tokenable_id` bigint(20) unsigned NOT NULL,
  `name` varchar(255) COLLATE utf8mb4_unicode_ci NOT NULL,
  `token` varchar(64) COLLATE utf8mb4_unicode_ci NOT NULL,
  `abilities` text COLLATE utf8mb4_unicode_ci DEFAULT NULL,
  `last_used_at` timestamp NULL DEFAULT NULL,
  `created_at` timestamp NULL DEFAULT NULL,
  `updated_at` timestamp NULL DEFAULT NULL,
  PRIMARY KEY (`id`),
  UNIQUE KEY `personal_access_tokens_token_unique` (`token`),
  KEY `personal_access_tokens_tokenable_type_tokenable_id_index` (`tokenable_type`,`tokenable_id`)
) ENGINE=InnoDB DEFAULT CHARSET=utf8mb4 COLLATE=utf8mb4_unicode_ci;
/*!40101 SET character_set_client = @saved_cs_client */;

--
-- Dumping data for table `personal_access_tokens`
--

LOCK TABLES `personal_access_tokens` WRITE;
/*!40000 ALTER TABLE `personal_access_tokens` DISABLE KEYS */;
/*!40000 ALTER TABLE `personal_access_tokens` ENABLE KEYS */;
UNLOCK TABLES;

--
-- Table structure for table `posts`
--

DROP TABLE IF EXISTS `posts`;
/*!40101 SET @saved_cs_client     = @@character_set_client */;
/*!40101 SET character_set_client = utf8 */;
CREATE TABLE `posts` (
  `id` bigint(20) unsigned NOT NULL AUTO_INCREMENT,
  `category_id` bigint(20) unsigned NOT NULL,
  `user_id` bigint(20) unsigned NOT NULL,
  `title` varchar(255) COLLATE utf8mb4_unicode_ci NOT NULL,
  `slug` varchar(255) COLLATE utf8mb4_unicode_ci NOT NULL,
  `image` varchar(255) COLLATE utf8mb4_unicode_ci DEFAULT NULL,
  `excerpt` text COLLATE utf8mb4_unicode_ci NOT NULL,
  `body` text COLLATE utf8mb4_unicode_ci NOT NULL,
  `published_at` timestamp NULL DEFAULT NULL,
  `created_at` timestamp NULL DEFAULT NULL,
  `updated_at` timestamp NULL DEFAULT NULL,
  PRIMARY KEY (`id`),
  UNIQUE KEY `posts_slug_unique` (`slug`)
) ENGINE=InnoDB AUTO_INCREMENT=35 DEFAULT CHARSET=utf8mb4 COLLATE=utf8mb4_unicode_ci;
/*!40101 SET character_set_client = @saved_cs_client */;

--
-- Dumping data for table `posts`
--

LOCK TABLES `posts` WRITE;
/*!40000 ALTER TABLE `posts` DISABLE KEYS */;
INSERT INTO `posts` VALUES (1,3,1,'Aut error sit assumenda illum.','harum-nihil-numquam-reprehenderit-velit-placeat-amet',NULL,'Ut sunt rerum ipsa culpa consequatur esse. Pariatur omnis aut possimus. Saepe omnis sint porro nisi tenetur porro.','<p>Omnis qui sed fugit assumenda quibusdam alias. Laudantium distinctio sint impedit sequi veritatis fugit similique. Veniam consequatur sed et excepturi saepe.</p><p>Voluptatum aut sed velit veniam consequatur. Natus molestiae odio illo corporis ut occaecati id sed. Facere quia tenetur aut necessitatibus quis.</p><p>Hic et quae atque laudantium doloremque. Velit sunt ut ratione voluptate. Eligendi sit saepe praesentium aliquam doloribus odit. Reiciendis consequatur qui fugit deleniti quod provident et.</p><p>Doloribus vero cum voluptatem sint commodi possimus. Minus beatae placeat voluptas minus.</p><p>Consectetur id commodi sed fugiat in et in. Dolor voluptas repellat ut ut quia.</p><p>Ipsa omnis ad doloremque itaque accusamus. Beatae vel enim accusantium placeat beatae rem. Quam sunt unde quod ipsa voluptates excepturi eveniet explicabo. Vel similique sit et ratione omnis.</p><p>Temporibus dolorem et similique est nulla assumenda. Saepe necessitatibus at sint reprehenderit non similique voluptate illum. Ut molestiae minima libero accusantium est dolor. Voluptatibus soluta recusandae aspernatur debitis sint veritatis corrupti.</p><p>Sint veritatis ut ut quia. Consequatur rerum laboriosam rerum dolor rerum ut quia. Numquam aut et ut dolor deleniti eaque ullam dolor. Voluptatem porro autem quibusdam est exercitationem quia quia.</p><p>Quia quod et nemo quos sit aliquid qui expedita. Ea labore aperiam corporis nam laudantium tempore neque. Impedit nam reprehenderit quis aut. Optio iure magnam soluta inventore.</p><p>Quas accusantium omnis ut ut. Ea est deleniti deleniti alias sunt ducimus amet. Repellendus eveniet occaecati odit.</p>',NULL,'2021-12-23 10:21:13','2021-12-23 10:21:13'),(2,3,2,'In aut mollitia.','aut-architecto-nam-iste-praesentium-officiis',NULL,'Dolor qui commodi minima id. Omnis ex occaecati autem expedita. Quia accusantium quidem cum et labore reiciendis voluptatibus.','<p>Perspiciatis perferendis blanditiis et praesentium tenetur consequatur. Quis nesciunt ut possimus.</p><p>Unde harum rerum voluptatem. Minus odit voluptate eius eum rerum dolor. Optio excepturi amet id occaecati laudantium fugit molestiae consequatur. Necessitatibus minima neque et sint qui provident adipisci explicabo.</p><p>Reprehenderit dolorem saepe est modi voluptas omnis eos. Cum quis veniam id nihil. Ab nihil voluptatibus aut. Fugit animi incidunt voluptate. Et atque quia sunt et.</p><p>Esse quidem iste quisquam beatae rem amet. Reiciendis cupiditate dignissimos sit quis nihil commodi. Hic molestias et quidem sint mollitia commodi quisquam. Rerum aut velit fugiat aut et est.</p><p>Aut quas inventore architecto. Repellat rerum molestias est dolore dolores atque vel quam. Debitis quam ut velit soluta soluta. Similique nemo ea dolor eos dolores quae laborum.</p><p>Sint eos ea deleniti neque deserunt et. Amet voluptate necessitatibus nihil sit sint exercitationem sint. Veniam quia qui qui necessitatibus. Voluptatem et illum sunt ut dolor.</p><p>Ut ad dolorem ab odio ullam. Qui dolore accusantium nemo nisi. Esse illo reiciendis veniam repellendus dignissimos unde est. Ut accusantium laborum suscipit officia deleniti qui commodi.</p>',NULL,'2021-12-23 10:21:13','2021-12-23 10:21:13'),(3,1,2,'Eligendi fuga corporis voluptatem quis corrupti alias.','nihil-accusantium-eos-qui-quo-sint-voluptatum-dolorem',NULL,'Hic hic velit repellendus fuga velit. Delectus accusamus quas fugiat. Ipsum provident dolorem consequatur beatae doloremque. Excepturi quod aut placeat laborum soluta.','<p>Quod velit quibusdam dolor eum sed et corrupti odit. Sint debitis sed sunt quas quae. Ipsam corporis et similique eius.</p><p>Aliquam ea qui soluta consequatur in iusto ipsa. Aspernatur velit eos eligendi et aliquam est ullam. Et perspiciatis consequatur sunt explicabo quo. Rerum facere non ducimus consequatur corporis placeat.</p><p>Sapiente veniam itaque praesentium ut saepe cumque. Excepturi provident occaecati inventore et. Magnam iure qui qui ab laborum aut dignissimos. Veniam nisi corporis provident. Blanditiis molestias quia quisquam possimus dignissimos incidunt.</p><p>Maxime unde et adipisci eum quaerat iure praesentium. Aperiam vero necessitatibus dolor quas. Incidunt laboriosam minus est dolores maiores eum.</p><p>Recusandae quia ut non error quia labore aliquam. Culpa ab hic nobis facere quia et assumenda. Nisi cumque maiores nihil quo sint.</p>',NULL,'2021-12-23 10:21:13','2021-12-23 10:21:13'),(4,3,1,'In quae et soluta itaque sed a.','similique-id-nihil-hic',NULL,'Voluptatem vel totam eum blanditiis. Magni non dolore doloribus molestias. Dolorem vel et rerum sint laboriosam earum voluptatibus.','<p>Aut libero non unde eos modi voluptatum est et. Accusamus voluptatem voluptatem ut quis. Voluptatum porro totam cumque sequi maiores vero doloribus et. Quas est molestiae nulla illo voluptatum provident.</p><p>Ab eos optio esse eveniet in. Eum omnis et ipsam id animi.</p><p>Dolorem sed velit fugiat quidem. Aut omnis aliquam aspernatur est consequuntur aut placeat aut. Nemo eaque voluptas nihil id aperiam natus aperiam.</p><p>Itaque ad qui molestias. Iure quod tempora repellat. Saepe deserunt ea omnis dolore consectetur. Et vitae omnis est recusandae vitae ipsa vitae.</p><p>In ipsum nobis expedita voluptate id voluptatem quo. A magni ut commodi odio est ut. Pariatur voluptate et voluptates expedita qui. Suscipit qui omnis culpa sit qui voluptatum sed.</p>',NULL,'2021-12-23 10:21:13','2021-12-23 10:21:13'),(5,3,1,'Beatae magni at iure reiciendis atque voluptatem minus qui in.','est-est-vero-laboriosam-ut-fuga',NULL,'Fuga veniam tenetur enim placeat. Reprehenderit voluptatum sit voluptatem in. Rerum asperiores in corporis ut officia iste fugiat. Vitae et qui sit saepe natus.','<p>Omnis voluptatem ea delectus. Quo sint est aperiam quibusdam dolor sunt.</p><p>Placeat eius fuga beatae. Sequi sint amet vitae non nulla quia labore. Ex sequi cum et velit. Vitae dolorum voluptatem assumenda nesciunt.</p><p>Sit dolores et quia quia distinctio fugit. Commodi maiores iusto earum rerum et. Nesciunt ducimus sit mollitia libero maxime in.</p><p>Voluptas doloribus quam aut ipsam cum. Amet quod ut adipisci velit quis. Doloribus veritatis magnam dolor tempora. Hic autem totam saepe qui.</p><p>Hic eius sed corporis quibusdam laborum nostrum tempore. Facere non sunt tenetur inventore debitis earum ducimus pariatur. Alias sed facilis ducimus dolore dolores dolores.</p><p>Iure laudantium ea consequatur aut atque voluptate nisi. Assumenda perferendis dolor aut quis aliquam qui aut. Cum inventore sunt est nulla.</p><p>Non quia dolorem dolorem nisi provident vero illo. Magnam libero architecto earum cumque sit. Cumque eum est similique optio necessitatibus totam saepe.</p><p>Nihil consequuntur et laboriosam et doloribus amet quibusdam. Vel dolor ullam rerum consequatur amet suscipit commodi. Tenetur asperiores veniam ea quasi pariatur libero sunt qui. Nemo laborum odit reiciendis repellendus ex. Voluptas inventore est qui et dolor officia.</p><p>Quis ut ullam ipsa ex et praesentium quae qui. Quisquam soluta et ut qui ut. Provident ducimus saepe illum perspiciatis vel.</p><p>Fuga quis sunt minima voluptate eum iste. Optio aut porro autem alias in velit. Cum eos dignissimos cum.</p>',NULL,'2021-12-23 10:21:13','2021-12-23 10:21:13'),(6,3,3,'Consequatur aperiam.','sint-itaque-voluptas-cum-reiciendis-consequatur-aut-impedit-eveniet',NULL,'Animi sit animi qui tempore quisquam. Dignissimos repudiandae velit quo provident eveniet ipsa.','<p>Quasi consequatur aut quidem nihil. Dolorem laborum sit alias. Deleniti amet esse et sunt. Ex blanditiis sunt autem voluptate id sequi.</p><p>Asperiores temporibus rerum quasi tenetur necessitatibus deleniti minus. Suscipit ut aut odio veniam id. A et rerum asperiores et repudiandae exercitationem.</p><p>Quisquam accusantium blanditiis cumque repellat repudiandae. Omnis consequuntur eum earum enim et suscipit dicta. Ex tempore nisi similique molestias cum adipisci vel. Sit voluptatibus cumque non eius doloremque esse.</p><p>Odit esse ea quam qui maiores perferendis consequatur. Iusto inventore incidunt consequatur omnis explicabo. Eligendi reprehenderit exercitationem repudiandae perferendis repellat natus.</p><p>Consectetur saepe nulla quis culpa officiis repudiandae. Debitis sapiente rerum blanditiis tenetur. Vel adipisci quo nemo maiores rerum. Id eaque esse repellendus sit et.</p><p>Sit itaque velit voluptatum et voluptatum omnis. Aliquid sunt magnam et corrupti ullam. Corporis est et molestiae ex nisi. Laudantium soluta veniam error eaque tempora.</p><p>Unde dolor totam excepturi aut eaque ipsa. Rerum quis dolore qui reiciendis ea commodi. Et ut accusantium nobis magni quia qui ratione.</p><p>Quia assumenda velit eligendi quas similique veniam ducimus. Cupiditate sit ut consectetur numquam nostrum voluptatibus in. Nobis doloribus ipsam delectus aperiam. Adipisci vitae veniam enim a aliquid ipsa.</p>',NULL,'2021-12-23 10:21:13','2021-12-23 10:21:13'),(7,2,3,'Repudiandae qui ut assumenda quasi.','est-velit-et-suscipit',NULL,'Vitae quo quis sed quaerat saepe. Omnis magni ut optio est. Soluta velit alias cupiditate et facilis enim nemo.','<p>Neque expedita est et expedita. Et enim officiis libero. Et tenetur rerum inventore qui est.</p><p>Molestiae iusto rerum laudantium vel rem. Omnis ut in recusandae quidem. Nisi nisi quasi magnam corrupti qui.</p><p>Nesciunt perferendis aut suscipit reprehenderit ad blanditiis. Deserunt et sed inventore praesentium. Iste quam aut distinctio exercitationem optio veritatis veritatis ab.</p><p>Earum nesciunt et nihil illo molestias rem. Aut nisi recusandae facere nesciunt ab.</p><p>Dolor dolor et non ut voluptas asperiores. Est fuga aut odio at porro. Eos dolorem accusantium accusamus.</p><p>Debitis earum est voluptatibus occaecati. Necessitatibus aliquam quam et sunt. Numquam deleniti natus tenetur.</p><p>Ut omnis occaecati eos et quidem odio. Sapiente itaque architecto quis quo non. Dicta dolores ad expedita libero in dignissimos optio. Quae quia aut nihil accusamus praesentium eligendi. Quia minus architecto laborum ipsam quae et.</p><p>Quod repudiandae ratione itaque non. Molestiae alias odit aut aut eligendi ut omnis unde. Est non aperiam nulla quo repellat. Qui praesentium eaque aut optio maxime. Qui laboriosam reiciendis est.</p><p>Praesentium commodi rerum cupiditate blanditiis ad tempore. Qui omnis illo totam culpa. Sit assumenda tempora eaque officia. Sunt suscipit eligendi culpa ea.</p>',NULL,'2021-12-23 10:21:13','2021-12-23 10:21:13'),(8,3,3,'Ipsam laudantium voluptatibus quia amet laborum sit pariatur alias quia maxime accusantium.','vero-ut-quaerat-natus',NULL,'Nostrum ex rem et quia natus. Velit accusantium fuga dicta hic sit.','<p>Dolore voluptatem nulla ea officia architecto quia et. Veritatis ea consequatur ipsa voluptatum rem iste. Enim omnis minus qui quas.</p><p>Id quas nisi sunt nulla. Nihil ex quasi velit consequuntur eaque. Deleniti sit voluptate ea.</p><p>Veritatis aspernatur veritatis dignissimos similique repudiandae nemo. Dolores sed alias dolorem quos aut expedita. Quis adipisci est dolorum accusamus magnam mollitia.</p><p>Reprehenderit corrupti et consequatur omnis qui. Quia aut aut nisi est et tempore in quo. Tempora eos tenetur labore sunt et.</p><p>Mollitia recusandae ut aperiam odio ducimus officia nulla culpa. Sit molestiae repellat magnam sit consequatur officiis qui. Occaecati esse suscipit unde qui. Assumenda necessitatibus fuga enim suscipit.</p>',NULL,'2021-12-23 10:21:13','2021-12-23 10:21:13'),(9,2,1,'Quo id necessitatibus.','esse-voluptas-et-aliquid-in-deserunt-repellat-labore-mollitia',NULL,'Temporibus qui esse quia architecto et dolorum quasi. Dignissimos occaecati odit ea consequatur.','<p>Omnis modi at quia. Est reiciendis vitae facilis voluptatem. Consequatur eum quis ut sed similique quod eos.</p><p>Nam quibusdam ad quo aperiam aut. Non delectus et cum consectetur delectus ut. A reiciendis rem temporibus perspiciatis.</p><p>Est eius tempora et. Accusantium doloribus quia cupiditate qui perferendis. Consequuntur reprehenderit veniam quibusdam ducimus. At officiis doloribus maxime pariatur sit alias temporibus quasi.</p><p>Repudiandae doloremque quis deleniti ab est. A expedita et ullam dolor eum ipsam nihil. Praesentium adipisci libero sapiente eum.</p><p>Natus repudiandae veritatis optio ad reiciendis qui consequatur. Ut molestias ex corrupti doloribus beatae. Omnis autem similique voluptatem aspernatur qui non. Repellendus id ipsam quo saepe.</p><p>Non quia officia et et ut. Et atque ut temporibus sit. Quisquam qui perferendis delectus nostrum.</p><p>Id dolorum quibusdam esse sit rerum. Natus doloremque vel dignissimos labore. Id autem ut consequatur maxime qui vel.</p><p>Impedit quis impedit aperiam rerum earum. Sed culpa sit distinctio illo et vero. Quod minima cum consequatur eligendi odit dignissimos magnam.</p><p>Aut aut molestias cumque magni mollitia. Rerum dolor ratione explicabo a. Sit totam eum id commodi occaecati assumenda et. Maxime sit delectus voluptates adipisci hic.</p><p>Est aliquam quisquam velit id doloribus. Quia odit tempore dolor aut itaque aliquid molestiae. Pariatur dolores cupiditate architecto accusantium a mollitia quo.</p>',NULL,'2021-12-23 10:21:13','2021-12-23 10:21:13'),(10,2,2,'Rerum ut iste culpa voluptas.','quia-error-impedit-quis-in-sit-nihil-veniam',NULL,'Est odio porro quibusdam possimus. Qui non officia distinctio qui quis.','<p>Fuga tempore aperiam qui porro id. Officia aut tempora vel rem aut.</p><p>Nobis necessitatibus impedit voluptate impedit. Eum sed accusantium ullam voluptas et et nemo exercitationem.</p><p>Quia in et autem aut inventore optio. Eaque quod sit fuga labore dolor expedita dolorum. Aliquam quos necessitatibus deserunt consequatur quisquam non adipisci. Eaque delectus delectus deleniti quos sequi natus ducimus. Earum optio voluptas nostrum aspernatur eum corporis.</p><p>Cupiditate accusamus explicabo voluptatum sunt beatae. Dolorem velit tempora fugit et. Qui ut et eaque culpa.</p><p>Illum magnam eos laborum. Et possimus est non doloremque dolores nobis veniam. Maxime dolore et vel magnam eveniet.</p><p>Nulla et ad voluptas cumque omnis eum. Iusto eos ut dolore voluptatem non quis.</p><p>Quidem mollitia aut enim voluptatem. Omnis quia ut culpa dolores laudantium autem temporibus. Quia id eveniet dolor distinctio neque ex non.</p><p>Harum magni facere officiis vel nostrum quibusdam amet. Placeat omnis impedit sed dolorem minus. Maiores et magni earum.</p><p>Accusamus sed in quia amet. Sit voluptatem ea et dolores voluptatibus. Non perferendis consequuntur voluptatem odit.</p>',NULL,'2021-12-23 10:21:13','2021-12-23 10:21:13'),(11,2,3,'Sed consequatur qui expedita ea.','aut-aut-laborum-sed',NULL,'Fuga saepe et est consequatur iusto distinctio. At dolor consequatur vero magnam non rerum. Harum aut omnis vel excepturi facere omnis quia.','<p>Temporibus quis alias in optio nemo illum placeat. Minus in cumque dolores voluptas ea. Hic velit possimus veniam corporis fuga.</p><p>Nihil voluptatibus molestias qui voluptate molestiae. Minus nihil eaque alias consequatur saepe. Qui quo voluptas sunt excepturi.</p><p>Illum explicabo odit maxime totam quidem. Laborum odit et voluptas et. Voluptas voluptatem facilis facere temporibus quisquam necessitatibus.</p><p>Nemo eveniet non qui enim magnam necessitatibus. Enim error natus optio rerum quia ipsam ducimus cupiditate. Molestias provident qui sunt nesciunt et eaque perferendis temporibus. Sunt eum molestiae velit nam.</p><p>Mollitia tempora rem totam molestiae et. Doloremque facere ipsa veniam harum aut quia. Nihil provident et nam in perspiciatis enim. Perspiciatis alias sint cumque quis facere iste.</p><p>Molestiae non et quo aut voluptatem. Eaque quia et animi dicta. Iure enim et aut porro maxime voluptatum eos. Ut amet unde laboriosam reprehenderit.</p><p>Vel totam eaque nam aut reprehenderit. Dolorum odio aut error exercitationem. Veritatis fugiat labore minima corrupti exercitationem impedit eaque qui. Quis fuga alias iusto nisi.</p>',NULL,'2021-12-23 10:21:13','2021-12-23 10:21:13'),(12,1,3,'Reprehenderit quo porro vitae repellendus accusamus voluptas.','et-inventore-quaerat-eum-tempora-sint',NULL,'Delectus adipisci quo iure eligendi dolorum suscipit laudantium. Quos non fuga eos dicta voluptatum fuga eos. Officia ratione omnis officiis et consequuntur amet at.','<p>Nihil iste harum odit veniam doloribus. Dolores aliquid ad qui est quis earum. Sint ullam nostrum odio cum vero aut. Qui tempora labore maxime quia neque tempore illum.</p><p>Quod saepe veritatis qui accusamus et debitis. Minus velit fuga corrupti et sit. Et qui soluta dolorem sed ea. Repellendus ipsa voluptas pariatur eveniet voluptatem.</p><p>Ut ab labore nulla. Qui voluptatum accusamus sunt provident ut. Pariatur eos earum fugiat sunt enim et qui. Excepturi illum deserunt aperiam ullam voluptatem.</p><p>Omnis eum repudiandae enim voluptatem a itaque. Ut dignissimos distinctio ut qui pariatur reiciendis soluta. Et ut voluptatibus id doloremque quae a. Dolor deleniti cum voluptatem iste.</p><p>Nobis quos recusandae quibusdam totam odio iusto excepturi. Fuga est nisi et ab dolorum corporis id. Eos ducimus quidem iusto in quidem et.</p><p>Iste voluptatem fugit est autem et tempore qui. Commodi aut et vel corporis similique. Aut excepturi repudiandae ut qui. Distinctio enim provident eum. Assumenda eos sed neque velit enim.</p><p>Quos neque consequatur repudiandae reprehenderit cupiditate aut placeat. Omnis corrupti animi consequatur expedita quia tempora consequuntur magni. Id explicabo et aperiam molestias a. Qui ex hic repellendus.</p><p>Modi praesentium voluptatem est. Magnam delectus nulla temporibus labore doloribus quam soluta. Aut vel odio autem officia cumque nam optio aperiam.</p>',NULL,'2021-12-23 10:21:13','2021-12-23 10:21:13'),(13,1,3,'Enim qui dolor perspiciatis veniam consequuntur.','veniam-sequi-dolorum-iure-vel-autem-est-debitis-rerum',NULL,'Optio officiis culpa quia repellat rem. Velit necessitatibus distinctio fuga odio qui. Rem accusantium aliquid error debitis in laborum.','<p>Qui necessitatibus quia id excepturi voluptas qui quia. Aliquid rerum ea omnis aut sit. Et a dolores ut modi doloremque natus.</p><p>Voluptatem sapiente tenetur ut et sequi aliquam ex. Quidem dignissimos corrupti quas. Possimus quam officiis voluptates aut vero rerum.</p><p>Debitis iusto velit ad non voluptatem vel harum. Dolores veniam fugit alias dolores sequi voluptatem. Et est suscipit exercitationem vitae repellat quas asperiores. Et omnis facere quia possimus veritatis eligendi. Voluptatem tempore dolorem quibusdam odio reiciendis sint unde.</p><p>Sunt molestiae quisquam quam et beatae. Vel aut ad repudiandae qui. Ipsa minus aut ut eligendi. Deleniti laborum tempora eos porro quibusdam.</p><p>Atque enim ut mollitia quo. Est velit libero deserunt qui et molestias. Laudantium quae dolore eligendi et quia excepturi.</p><p>Fuga repellat doloremque quis magnam commodi eos. Voluptas dignissimos recusandae sed aperiam. Consequatur accusamus sit eius fugit. Perferendis officia eius et iste praesentium fugiat voluptas.</p><p>Voluptas assumenda veritatis totam animi neque. Blanditiis iusto quas explicabo aut voluptate aut. Corporis molestiae autem tenetur consequuntur. Voluptatem similique est sequi rerum corporis.</p>',NULL,'2021-12-23 10:21:13','2021-12-23 10:21:13'),(14,1,3,'Et quis earum nesciunt officiis accusantium explicabo ea minima aliquam.','cumque-ex-rerum-magni-unde',NULL,'Corporis tenetur voluptas placeat nihil eum ratione inventore. Quam dolores nihil modi hic alias quae. Cumque ducimus aspernatur et reprehenderit dolores cumque. Occaecati ex quia ut eos asperiores quas.','<p>Porro cumque ea dolore eligendi commodi eos. Sed aut eum consequatur voluptatem esse quos pariatur. Adipisci id architecto vitae.</p><p>Voluptatem consequatur voluptas eius voluptate explicabo. Qui error modi corporis nisi perferendis sequi molestiae. Sit minima blanditiis quis architecto qui sint saepe harum.</p><p>In eligendi odio odio quae. Qui tempora id quisquam qui sint aspernatur. Tenetur aut reiciendis repudiandae aut facilis aut quia. Tempora officia recusandae magnam sint qui sint.</p><p>Rerum dolores quasi aperiam laudantium ut nam cumque. Accusantium porro quisquam eos quisquam repellat velit quia. Rerum ipsam praesentium nemo aut ea possimus molestiae. Veniam illum temporibus nihil aut commodi distinctio harum.</p><p>Aut veniam voluptate rerum soluta dignissimos. Enim praesentium aperiam maxime rerum magni et. Consectetur ratione fugit quod iusto. Nesciunt et quo omnis molestias nesciunt qui.</p><p>Eum quis ut non non nesciunt expedita. Praesentium laboriosam quam vel ullam doloribus ipsum. Voluptatem rerum id voluptate magni error dicta similique.</p>',NULL,'2021-12-23 10:21:13','2021-12-23 10:21:13'),(15,3,2,'Quia omnis sit qui minima nihil.','nemo-minima-adipisci-eaque-odit',NULL,'Est voluptas amet qui dolor sed. Asperiores impedit repellendus harum voluptatem dolor. Hic dignissimos magnam adipisci iste. Animi deleniti quod expedita commodi.','<p>Assumenda omnis autem voluptas ut. Molestiae laboriosam ea ducimus et ad. Non laudantium ducimus omnis deserunt non. Possimus quisquam assumenda corporis ut officia dicta qui.</p><p>Fuga vel facere sed fugit ut voluptatum. Nostrum corporis rerum aliquam. Officiis asperiores tempore dolorem earum odit.</p><p>Illo consequuntur ut nihil quo necessitatibus. Assumenda veritatis blanditiis vel illum. Et aut totam ad provident quisquam id. Ut cumque quisquam nobis eius.</p><p>Iste labore dolorem veritatis non ut. Eum quis aut harum perferendis odio. Reiciendis perspiciatis repellat earum qui impedit pariatur. Dignissimos consequatur et iusto est.</p><p>Quas aut perspiciatis repudiandae dolor. Officiis sit nihil in rerum eum. Voluptatem dolor est velit aut. Ut excepturi beatae qui voluptatem hic enim.</p><p>Suscipit placeat et nulla voluptas. Ut quo velit voluptatum fuga id eos debitis. Voluptas dolores magnam facilis harum porro quae et. Fugiat quis qui eum.</p><p>A qui rerum iste omnis ullam dolores omnis ut. Et ipsum mollitia dolor laudantium dolore. Vel rerum ad cupiditate molestias est voluptates dolorem.</p>',NULL,'2021-12-23 10:21:13','2021-12-23 10:21:13'),(16,3,2,'Enim doloremque consectetur non excepturi.','sit-minima-ut-voluptas-ad-quo-excepturi-suscipit',NULL,'Maiores quis eligendi expedita quis ut. Accusamus sunt et non quae nisi cum similique. Qui distinctio accusantium iusto esse eum. In voluptatibus sint voluptatem repudiandae et et inventore.','<p>Sit in sunt sed iure voluptas facere dolores. Illum consequuntur est ut cupiditate omnis consequatur fugiat.</p><p>Omnis dolores eveniet aut corporis repellendus quam et id. Voluptate et quo dolorem.</p><p>Numquam temporibus quo est cum nesciunt velit. Corrupti tenetur enim aut dolorem et. Sit natus dolorem et eum.</p><p>Sit est neque nam odio nostrum a ea. Architecto harum omnis officiis tempora. Modi repudiandae cumque itaque. Necessitatibus ex dolor tempore qui laudantium eum est.</p><p>Voluptatum qui voluptas in sunt ipsam. Facere veniam ut nihil. Est aliquam sapiente et libero pariatur. Esse omnis cumque quas expedita qui reprehenderit.</p><p>Non vero sit ut eum et pariatur non quia. Et consequatur nostrum deserunt dolore delectus. At delectus reiciendis corrupti sit rem ut officiis autem. Enim vero maiores quia nesciunt.</p><p>Atque animi fuga ullam et. Incidunt minima voluptas minus molestiae. Perspiciatis reiciendis ullam eaque enim sunt. Dolor et placeat aliquid facilis inventore.</p>',NULL,'2021-12-23 10:21:13','2021-12-23 10:21:13'),(17,2,2,'Cupiditate esse soluta quia consequatur velit.','atque-recusandae-sapiente-neque-numquam-non-consectetur',NULL,'Et error in aut dolores ipsum. Doloribus itaque expedita ea voluptatem autem doloremque ut facere. Consectetur voluptatem molestias voluptas natus consequatur.','<p>Mollitia qui ea non debitis voluptatum tenetur. Maxime voluptas consequatur voluptatem voluptatem esse sed. Quia quae omnis nisi illum eius.</p><p>Qui dolores qui nulla tempora tenetur ut animi. Enim perferendis facere saepe totam. Voluptatem reiciendis atque quis harum. Deserunt est qui inventore eum reprehenderit autem sint.</p><p>Ex et quasi itaque doloremque. Itaque voluptatem non eveniet atque odit. Ut nulla perferendis voluptas. Tempora molestiae et saepe delectus voluptas.</p><p>Vitae velit voluptas qui ipsam sed. Officiis ea debitis vel vero.</p><p>Fuga similique voluptatem cupiditate corporis. Qui nostrum aut est natus iure. Quia earum asperiores reiciendis animi autem.</p>',NULL,'2021-12-23 10:21:13','2021-12-23 10:21:13'),(18,2,1,'Quisquam deserunt cupiditate consequatur qui.','quaerat-quam-totam-vel-ullam-adipisci-optio-consequatur',NULL,'Repellat eum praesentium et qui iure sapiente. Labore cum ad nulla maiores. Sed perspiciatis doloribus numquam quis qui. Iste modi beatae distinctio sit. Veniam nisi asperiores laboriosam odio.','<p>Autem repellat magni minima dolore eum nam et. Molestiae in laboriosam laborum nihil facere libero perspiciatis. Iste optio aut delectus provident. Aperiam consequatur est similique id.</p><p>Necessitatibus quaerat ut quaerat. Sit laboriosam dolorem necessitatibus vel accusamus. Sunt qui laboriosam dolores deleniti pariatur. Totam asperiores exercitationem et rerum laboriosam cumque doloribus illo.</p><p>Velit sint qui numquam quia et at odit. Iure itaque excepturi praesentium repudiandae ut quia. Aut et voluptatem eius alias eveniet. Eaque voluptatem quo itaque consequuntur cum.</p><p>Ut earum nihil perspiciatis fuga omnis placeat impedit ut. Sit magni facere provident voluptas in non. Adipisci quidem consequatur perferendis provident sint expedita. Quia odio veniam quae consequatur sapiente pariatur.</p><p>Consequatur autem necessitatibus minima quisquam sed. Omnis dignissimos voluptas aspernatur tempora asperiores exercitationem nobis numquam. Eligendi excepturi tempore et rerum.</p>',NULL,'2021-12-23 10:21:13','2021-12-23 10:21:13'),(19,2,2,'Et voluptas sequi magni.','odio-itaque-dignissimos-autem-accusamus-repellat',NULL,'Saepe quaerat quas sunt reiciendis. Sed voluptas sed debitis nisi consectetur autem et. Sint omnis in aliquam doloremque.','<p>Ut aut et ad sed. Voluptatem sunt earum voluptas deleniti neque sit iste. Velit eligendi alias molestiae cum ut.</p><p>Aut id sequi quis provident. Et rerum necessitatibus in aut veritatis. Enim fugit modi et voluptas et facilis. Quaerat provident placeat pariatur culpa consequatur repudiandae reprehenderit.</p><p>Error cum in incidunt praesentium. Ducimus vitae numquam in voluptatibus. Nostrum doloribus dolorum delectus sequi. Quia deserunt ea voluptatem error illo assumenda dolorum.</p><p>Nostrum officiis ex officiis corrupti qui officiis dolor. Ut saepe assumenda aut explicabo. Incidunt quidem vel quasi. Ut consequatur quis necessitatibus aliquid illum iusto.</p><p>Voluptas in ad perferendis. In qui numquam omnis non deleniti non itaque.</p><p>Odit et et quis illo sunt fuga repellendus. Similique consequatur et autem adipisci molestiae error repellat. Omnis et at ullam ducimus. Debitis ratione repudiandae voluptatem in odit eligendi ipsa.</p><p>Exercitationem enim natus at est dolores. Est voluptatum repellendus necessitatibus et autem architecto quos. Iure beatae non animi nesciunt facilis repudiandae ipsam.</p>',NULL,'2021-12-23 10:21:13','2021-12-23 10:21:13'),(20,3,1,'Nobis fugit nulla.','quam-sit-magni-cum-doloremque-occaecati-autem-iste-nihil',NULL,'Voluptatem modi non quae illo delectus illum. Recusandae odit velit ut cupiditate nobis aperiam fugit. Vel dolor sed aut ab. Reiciendis unde sit quia eius eligendi.','<p>Occaecati dicta soluta suscipit vel sit quia. Aspernatur ullam ut eos eum est. Iusto enim perferendis ex atque voluptas quia.</p><p>Sint quasi culpa tempore magni aut quia eos. Fugit aut similique id cumque non quia placeat reprehenderit. Sit magnam commodi quo consequatur.</p><p>Aut quia non ullam quo ut dolor sed. Dolorem sint ut facere quidem perferendis ut quibusdam dolores.</p><p>Accusantium nihil hic odit saepe est eum. Amet est voluptatem asperiores quis inventore aut. Deserunt temporibus itaque consequuntur natus.</p><p>Ipsum et non dolores consequatur nesciunt quia ducimus qui. Et error labore doloremque est adipisci repudiandae. Non recusandae quia iusto aliquid.</p><p>Vel magnam ut exercitationem porro reiciendis. Ipsum fugit tenetur est debitis. Aut rem minima distinctio omnis doloremque nostrum explicabo.</p><p>Quod dolor aperiam ducimus similique ut. Voluptatem unde laboriosam rem suscipit qui. Dolor sed vero similique rerum.</p>',NULL,'2021-12-23 10:21:13','2021-12-23 10:21:13'),(21,2,3,'In explicabo.','sed-non-ut-neque-quia-architecto',NULL,'Distinctio voluptate est consequatur quod consequatur sint accusamus. Exercitationem delectus aut voluptatibus nemo vel aut voluptatem quod. Eveniet in aspernatur rerum aliquam et.','<p>Eum qui quod harum minima impedit. Dolorem sunt cumque saepe cumque id quis velit. Non expedita culpa et voluptatem. A eum eum maiores ut earum.</p><p>At cupiditate dolores molestiae officiis itaque voluptatem. Ut ab dolores iusto deleniti dolorem pariatur. Facilis non minima porro et qui beatae consectetur delectus.</p><p>Necessitatibus accusantium velit vel delectus. Architecto recusandae voluptatem odit. Architecto est vero maxime officia libero deleniti nisi. Sapiente inventore id ut dolorem.</p><p>Cumque optio sunt nesciunt ipsum praesentium. Quidem eveniet aspernatur ut aut quae qui laboriosam. Itaque recusandae et illo.</p><p>Qui libero molestiae eos maiores blanditiis sint aliquam. Est porro nihil pariatur enim. Cumque nihil odit quo et repellat nemo aut.</p><p>Et voluptatem in dolor. Et ipsum aut repellendus dignissimos fuga. Aliquid molestias quod deserunt qui id. Modi voluptatem rerum soluta natus deserunt voluptates mollitia quibusdam.</p>',NULL,'2021-12-23 10:21:13','2021-12-23 10:21:13'),(22,2,2,'Doloremque veritatis officia.','magnam-est-vel-alias-fugit-quidem-dolores',NULL,'Et dolores officia in voluptas velit veritatis. Eius libero laboriosam doloribus odio. Autem iste occaecati fugiat et. Non nihil vero nisi. Dolor consequatur perspiciatis perspiciatis voluptatem.','<p>Incidunt ut ex sint illo ea. Placeat quos saepe dolores similique. Minima omnis nemo neque ducimus aut ab officia. Inventore asperiores odio mollitia quasi vitae eaque. Occaecati doloribus aperiam asperiores ratione non ratione.</p><p>Ipsum hic corrupti et nam. Laboriosam quidem id sit nulla. Voluptatibus repudiandae quo porro ab. Natus voluptatem nemo culpa.</p><p>Mollitia veniam voluptatem esse iste dignissimos. Ea esse perspiciatis aut totam enim voluptatem omnis. Provident dolores quis perferendis doloremque placeat. Eum odio consequatur ut magni a.</p><p>Cum aut in voluptas sequi eveniet laborum est. Vel non minima repellendus voluptatibus corrupti. Itaque voluptatem dolorem repudiandae.</p><p>Adipisci molestiae vero aut nisi et cumque veniam magnam. Consequatur praesentium voluptas aliquid rerum sed laudantium amet. Aut corrupti omnis sint.</p><p>Minus explicabo aut est excepturi ad saepe. Quibusdam dolorem quo delectus. Rerum quis blanditiis ut et dolor.</p>',NULL,'2021-12-23 10:21:14','2021-12-23 10:21:14'),(23,1,2,'Voluptas qui debitis.','ipsa-quas-ea-illum-est-cumque-dolor-molestiae',NULL,'Molestiae nobis aut ad sit perspiciatis fugiat rem. Facere aperiam est autem temporibus eligendi molestiae. Similique officia sint vitae facere aperiam autem et.','<p>Corporis dolorem eveniet ea ab aut reprehenderit. Ex eligendi at perspiciatis commodi voluptatum doloremque. Et sint est voluptatem minus iusto fugit deserunt dolores.</p><p>Ut veniam recusandae minus et perspiciatis qui. Velit voluptate maxime a maiores. Asperiores impedit voluptatem et necessitatibus adipisci excepturi.</p><p>Voluptatum blanditiis reprehenderit laboriosam quam doloribus quam. Eum dolor blanditiis nihil saepe sit similique. Accusamus vero et laboriosam reiciendis magnam laboriosam. Reiciendis vitae fugit voluptatum minus omnis perferendis quia nam.</p><p>Eaque dolores aperiam eos ut laboriosam perferendis minus quas. Est dignissimos voluptatem rem minima. Porro vero quidem vero vero est et. Dolor placeat possimus ducimus neque ipsam qui rerum.</p><p>Dolor doloremque quia minus porro accusamus. Earum molestias quia natus. Labore exercitationem quasi cumque rerum provident eum. Incidunt repudiandae quia ipsam.</p>',NULL,'2021-12-23 10:21:14','2021-12-23 10:21:14'),(24,1,1,'Quis autem voluptatum.','sequi-error-quos-minima-tempore-incidunt-impedit-ea-qui',NULL,'Ut unde sed rerum vel. Provident consequuntur quos voluptate accusamus. Deleniti unde quia minima pariatur repellendus.','<p>Dolorem ratione sit culpa et impedit. Laudantium doloremque quos et sint. Ea consequatur qui aliquid consequatur. Suscipit commodi et repellat ut dolorem quos. Beatae aut perferendis aspernatur deserunt quas.</p><p>Dolore quos suscipit dolor quis qui et ratione. Sed et iusto ducimus inventore. Reiciendis et qui est maiores.</p><p>Omnis soluta qui fugiat nihil. Error aliquam et eos omnis. Dolor beatae quia optio.</p><p>Vel velit magnam rerum soluta. Est perspiciatis numquam quia inventore inventore ipsam. Qui et quisquam omnis enim voluptas tenetur sapiente.</p><p>In nisi quia eos aut. Et qui labore quam quidem voluptatem. Quia sed sit aut fugit. Adipisci quis eaque rerum.</p><p>Nihil rerum ea asperiores voluptas est maxime corporis. Magni aperiam debitis nihil. Ipsum nihil corporis et temporibus dolore. Eum eligendi quas impedit voluptas natus.</p><p>Magnam hic ipsam vitae rerum architecto. Molestiae eaque voluptatem eum inventore enim. Laborum libero dolor ut qui enim praesentium.</p><p>Quis fuga provident dolore. At alias dolorem doloremque et aut reiciendis aliquid quis. Libero qui non nostrum et accusantium.</p><p>Porro culpa sit magnam vel magnam. Tenetur itaque et asperiores nam ut et deserunt est. Modi eveniet fugiat eum hic.</p>',NULL,'2021-12-23 10:21:14','2021-12-23 10:21:14'),(25,3,1,'Et voluptatem.','error-saepe-praesentium-qui-dolor-ut',NULL,'Aliquid inventore dolorem veniam et libero. Est accusantium quisquam iusto iure quis et. Qui omnis est sequi voluptatibus fugiat est autem.','<p>Molestiae dolorum dolor aperiam numquam voluptatem fuga et. Optio repellat similique aut qui dolorem. Iure dolores et dolorem maxime optio possimus. Vel accusantium non eligendi eos quae ipsam maxime vel.</p><p>Modi nisi a repellendus et. Omnis velit id deserunt quis qui. Et quia quod veritatis.</p><p>Neque qui commodi ut odio molestiae sunt architecto. Odit ut qui vitae adipisci et. Fuga sunt modi consequatur est temporibus laboriosam facilis laborum.</p><p>Architecto autem sint tempora deserunt numquam quis quia. Ratione in voluptatem officia facilis reiciendis. Molestiae repellendus velit molestiae asperiores sint.</p><p>Dolorem commodi fugiat consequuntur voluptas excepturi id modi. Sunt molestiae unde quas et tempore quia hic. Aut sed molestiae dolorum consequatur. Voluptatem vitae quia aliquid ea iusto ut aut.</p><p>Rerum necessitatibus laboriosam nostrum vel. Deleniti exercitationem totam occaecati aliquam commodi qui deserunt. Dolorem rerum autem ex autem aut nostrum hic et. Omnis enim alias minima dolor.</p><p>Cupiditate mollitia iusto est. Maiores pariatur quia autem libero saepe. Voluptatem a maxime delectus autem.</p>',NULL,'2021-12-23 10:21:14','2021-12-23 10:21:14'),(26,2,2,'Dolore architecto doloremque ad perspiciatis et.','repellat-quia-non-nemo-maiores-iure-optio-quidem',NULL,'Aliquam nihil quia voluptatem ea sunt atque voluptatibus totam. Laudantium qui quo corporis voluptatem quo. Reiciendis dicta veniam ea sed qui.','<p>Qui facilis consectetur provident exercitationem voluptas. Facere molestias neque illum sapiente. Expedita vel incidunt vitae atque consequatur animi ex. A voluptatum voluptates magni ut ratione.</p><p>Magnam ut qui mollitia. Minima ut minima sit et cum aspernatur voluptatibus quia. Voluptatem et ad eos voluptatem ea inventore itaque. Consequatur et minus quibusdam perspiciatis repellat.</p><p>Facilis dolores perspiciatis repellat. Qui veniam ut porro earum dolore et. Repellendus hic dolor mollitia. Aut et nemo veritatis.</p><p>Quia ducimus deleniti natus enim repellat nemo. Labore quia neque et et. Nostrum et sed sunt consequuntur.</p><p>Vero commodi inventore impedit doloremque ipsa quasi in dolor. Quisquam autem aut veritatis. Quo dolorum rerum nulla totam maiores et.</p><p>Totam minima amet blanditiis consequatur. Consequatur quas expedita error ad ullam necessitatibus ea. Commodi inventore aliquam assumenda ipsam velit non. Repudiandae sequi ea esse.</p><p>Provident quis eveniet distinctio. Et quidem corrupti dignissimos. Ex qui sunt expedita sapiente blanditiis atque. Consequatur aspernatur corrupti reprehenderit ea suscipit accusantium dolores neque.</p><p>Est quidem rerum facilis hic quia tempore similique ab. Architecto saepe et nulla fugit est quod ea. Impedit minima enim voluptas quo consequatur iure.</p>',NULL,'2021-12-23 10:21:14','2021-12-23 10:21:14'),(27,3,1,'Cumque dolores dolor vel quo.','exercitationem-autem-quia-doloribus-quasi-qui',NULL,'Ad quas atque consequuntur quibusdam ex molestiae. Quidem non commodi enim qui culpa impedit. Vero et quis temporibus molestiae eveniet nemo at. Numquam quia sit debitis possimus sit voluptatem deserunt.','<p>Corporis natus dignissimos sed. Similique officia minima laudantium consequatur atque hic optio. Doloribus laboriosam ratione dolores voluptas. Labore maxime quo delectus aliquam.</p><p>Dolorem ipsa minima ut odit rerum iusto nisi itaque. Quia inventore illo et ipsa. Doloribus earum sint sit quasi quidem qui nihil. Est nobis minima nesciunt.</p><p>Architecto quo ea consequatur eos et aut. Dolorem aspernatur assumenda qui ea laudantium quibusdam. Dolorem sequi at id sed beatae est id ab. Quia cupiditate maxime nemo et aut vel.</p><p>Est unde quasi tenetur qui ex voluptatem. Consequuntur sed assumenda similique et quia et. Autem debitis debitis labore exercitationem facilis maxime. Eos ea corrupti qui non.</p><p>Temporibus doloremque voluptas dolor velit commodi dicta. Tempore eos cupiditate est et ut velit. Sunt esse est inventore quia omnis ipsum veritatis. Sed nemo accusantium praesentium voluptas officia quasi cumque iste.</p><p>Ipsam unde sint iure id et sint numquam fugiat. Temporibus cum eligendi harum sit explicabo. Doloremque non nulla et quisquam quas. Culpa at temporibus neque saepe quisquam. Sequi a cumque eaque ab.</p><p>Illum at officia minus omnis aut nostrum. Et totam nemo numquam non commodi quis quia. Perferendis ad eaque doloremque nemo non error eum. Iste fuga hic esse provident qui.</p><p>Similique praesentium sunt et ea molestiae fugiat sequi. Perferendis aut occaecati similique sit perferendis magnam tenetur. Tenetur quam omnis ad saepe.</p><p>Necessitatibus tenetur voluptatem voluptatem dolor consequatur. Molestiae dolor sint nostrum omnis laboriosam. At asperiores autem quod quia temporibus omnis et. Possimus nisi natus nisi perspiciatis quia ratione optio.</p><p>Accusantium odio reiciendis culpa eveniet voluptas. Corporis officia hic eos id fugiat. Provident voluptas repellat aut dicta dolor quia est.</p>',NULL,'2021-12-23 10:21:14','2021-12-23 10:21:14'),(28,3,1,'Natus in qui quia veritatis.','accusantium-ea-ut-dicta-porro',NULL,'Et voluptatem veritatis et iusto et unde. Vero laboriosam amet deserunt. A esse sit necessitatibus aut voluptatibus sapiente. Sit quaerat assumenda perspiciatis et deleniti quasi esse voluptatem.','<p>Maxime consequatur neque et quaerat soluta. Facilis magni nihil blanditiis ducimus quae numquam aperiam. Nihil est delectus omnis enim temporibus hic vel. Nobis consequuntur id amet inventore magni placeat placeat et.</p><p>Enim necessitatibus qui et. Sed cum quae voluptas voluptatem quas modi alias repellendus. Aspernatur deleniti optio enim temporibus consequatur. Autem itaque cumque fugiat rerum inventore.</p><p>Numquam distinctio eum facere totam illo enim. Omnis harum mollitia id tenetur veniam sint saepe. Voluptatem voluptates est fugit. Quo recusandae assumenda quos quisquam aliquam deserunt.</p><p>Autem sint est vitae a architecto nostrum. Vel non voluptatem odio magni nihil quisquam. Similique et ex distinctio eveniet quos error placeat nam. Incidunt nihil possimus quia id laudantium illum.</p><p>Praesentium consequuntur officia consequatur. Veniam velit ea deleniti omnis ex earum qui. Reiciendis repudiandae qui accusantium ex pariatur ducimus eum qui.</p><p>Voluptatem et mollitia cupiditate sint omnis officiis. Fuga dolorem voluptatem atque nulla expedita quo et qui. Rerum exercitationem tempora ex assumenda rerum quis magnam. Labore aut libero explicabo aut quidem voluptas eaque.</p><p>Cumque nam at voluptate modi iusto est exercitationem. Autem saepe incidunt esse non. Est pariatur omnis porro velit ducimus aut.</p>',NULL,'2021-12-23 10:21:14','2021-12-23 10:21:14'),(30,3,1,'Et reiciendis alias voluptatum repellat molestiae.','nam-voluptatem-eveniet-voluptatem-recusandae-blanditiis-qui',NULL,'Ipsa dolorum veniam tempora illum. Dolores quaerat veritatis quia inventore consectetur. Qui ea deleniti ullam sed dolorem ipsum vitae. Iusto et ut voluptas dolores. Quia non maxime suscipit cumque eos nulla.','<p>Tenetur facilis quis consectetur accusamus ab placeat maxime. Praesentium ab perferendis placeat amet nostrum odit eos. Omnis et quod numquam reprehenderit maxime non. Excepturi officiis quia et amet.</p><p>Necessitatibus dolor et voluptates earum excepturi voluptatem et. Non ut temporibus sed sit. Inventore omnis optio sit et voluptas aut qui.</p><p>Hic ducimus iusto ea delectus porro. Officiis eos omnis optio maxime. Vero et voluptatem maiores qui rerum. Nihil ratione rerum dolores debitis rem sapiente reprehenderit.</p><p>Doloremque ab ut consequuntur voluptatem. Aut aut similique pariatur amet optio.</p><p>Et ut numquam nulla sapiente libero. Ducimus recusandae et qui sit id exercitationem similique nam. Saepe nemo dolorem maiores ipsam illo vel quisquam. Nam quos porro tempora at eaque.</p>',NULL,'2021-12-23 10:21:14','2021-12-23 10:21:14'),(31,3,3,'Sunt dolorem.','suscipit-cupiditate-odit-molestias-mollitia',NULL,'Doloribus et repellat dolorem neque enim quia quidem. Voluptas mollitia modi voluptas doloribus a blanditiis perspiciatis explicabo. Ratione eos sit reprehenderit et quae nesciunt.','<p>Ullam animi quia sunt et. Ipsa deleniti autem consequatur saepe ea. Est voluptatum totam ipsum quaerat quas aut. Qui sit eveniet autem esse quisquam. Odit voluptate eius dolor quisquam et at.</p><p>Quibusdam vel praesentium nostrum ut. Libero quo qui qui eveniet. Illum ab voluptate aut sit libero deleniti. Et dignissimos qui nulla cumque similique aperiam.</p><p>Praesentium sequi voluptates nostrum hic. Minus est debitis quis perspiciatis sint. Maxime voluptas recusandae placeat aut repudiandae aperiam. Adipisci et rem iure dolores sint vel delectus. Qui nihil quod deserunt ut.</p><p>Sed itaque harum quia laboriosam nisi totam. Ad officiis vel ipsam nam et. Dolor dolor tempore veniam quia accusantium qui ex. Aspernatur aspernatur cumque et explicabo officiis. Omnis possimus fugiat nam qui ut distinctio corrupti consequuntur.</p><p>Accusantium dicta nobis autem rerum. Maxime omnis similique tempora provident impedit dicta. Rerum laudantium unde sed rerum earum.</p><p>Et veritatis laboriosam quia corrupti ut. Iure accusamus officiis voluptas est magnam debitis aperiam.</p><p>Aut debitis consequatur animi fuga et omnis voluptatibus. Quos laboriosam dolores praesentium qui suscipit deleniti dolor. Quas omnis qui fugiat rerum.</p><p>Aut vero asperiores earum quaerat cum doloremque sed. Perferendis optio non maiores at. Atque sint eius reprehenderit cumque rem dolorem. Quo sequi quis error qui repellat dolores.</p><p>Sequi maxime eius necessitatibus ut excepturi dignissimos. Est qui cumque voluptatem porro. A nesciunt quod eos eum fugit aut vel. Doloribus aut exercitationem accusantium ut est quam.</p>',NULL,'2021-12-23 10:21:14','2021-12-23 10:21:14');
/*!40000 ALTER TABLE `posts` ENABLE KEYS */;
UNLOCK TABLES;

--
-- Table structure for table `users`
--

DROP TABLE IF EXISTS `users`;
/*!40101 SET @saved_cs_client     = @@character_set_client */;
/*!40101 SET character_set_client = utf8 */;
CREATE TABLE `users` (
  `id` bigint(20) unsigned NOT NULL AUTO_INCREMENT,
  `name` varchar(255) COLLATE utf8mb4_unicode_ci NOT NULL,
  `username` varchar(255) COLLATE utf8mb4_unicode_ci NOT NULL,
  `email` varchar(255) COLLATE utf8mb4_unicode_ci NOT NULL,
  `email_verified_at` timestamp NULL DEFAULT NULL,
  `password` varchar(255) COLLATE utf8mb4_unicode_ci NOT NULL,
  `remember_token` varchar(100) COLLATE utf8mb4_unicode_ci DEFAULT NULL,
  `created_at` timestamp NULL DEFAULT NULL,
  `updated_at` timestamp NULL DEFAULT NULL,
  `is_admin` tinyint(1) NOT NULL DEFAULT 0,
  PRIMARY KEY (`id`),
  UNIQUE KEY `users_username_unique` (`username`),
  UNIQUE KEY `users_email_unique` (`email`)
) ENGINE=InnoDB AUTO_INCREMENT=5 DEFAULT CHARSET=utf8mb4 COLLATE=utf8mb4_unicode_ci;
/*!40101 SET character_set_client = @saved_cs_client */;

--
-- Dumping data for table `users`
--

LOCK TABLES `users` WRITE;
/*!40000 ALTER TABLE `users` DISABLE KEYS */;
INSERT INTO `users` VALUES (1,'Penulis Pertama','user1','user1@gmail.com',NULL,'$2y$10$v6t.d2NqGR/ecOfKOZm8IO3qET6wQleFc4k0Q4PoKbFCQHyWyJXTW',NULL,'2021-12-23 10:21:13','2021-12-23 10:21:13',1),(2,'Kalim Sihombing','kgunawan','dina16@gmail.com','2021-12-23 10:21:13','$2y$10$92IXUNpkjO0rOQ5byMi.Ye4oKoEa3Ro9llC/.og/at2.uheWG/igi','J1xUUosyaWcsLKLYcRTQEMAkpXyR9ySmD7bUnACBCoTjOpHUnKolk3AqazJq','2021-12-23 10:21:13','2021-12-23 10:21:13',1),(3,'Diana Sari Yuliarti','ira.irawan','malik.widiastuti@example.org','2021-12-23 10:21:13','$2y$10$92IXUNpkjO0rOQ5byMi.Ye4oKoEa3Ro9llC/.og/at2.uheWG/igi','YWFPMch4hr','2021-12-23 10:21:13','2021-12-23 10:21:13',0),(4,'Eka Daniswara Jailani M.Ak','astuti.kenes','salsabila74@example.org','2021-12-23 10:21:13','$2y$10$92IXUNpkjO0rOQ5byMi.Ye4oKoEa3Ro9llC/.og/at2.uheWG/igi','Emrpr6CheE','2021-12-23 10:21:13','2021-12-23 10:21:13',0);
/*!40000 ALTER TABLE `users` ENABLE KEYS */;
UNLOCK TABLES;
/*!40103 SET TIME_ZONE=@OLD_TIME_ZONE */;

/*!40101 SET SQL_MODE=@OLD_SQL_MODE */;
/*!40014 SET FOREIGN_KEY_CHECKS=@OLD_FOREIGN_KEY_CHECKS */;
/*!40014 SET UNIQUE_CHECKS=@OLD_UNIQUE_CHECKS */;
/*!40101 SET CHARACTER_SET_CLIENT=@OLD_CHARACTER_SET_CLIENT */;
/*!40101 SET CHARACTER_SET_RESULTS=@OLD_CHARACTER_SET_RESULTS */;
/*!40101 SET COLLATION_CONNECTION=@OLD_COLLATION_CONNECTION */;
/*!40111 SET SQL_NOTES=@OLD_SQL_NOTES */;

-- Dump completed on 2021-12-27 12:39:53
